row_id,rule_violation
2029,0.3085241089217611
2030,0.5194708339917139
2031,0.7336045936438086
2032,0.6982760074000919
2033,0.7338011738683266
2034,0.19813709051650463
2035,0.6751196159388269
2036,0.23873805246192534
2037,0.11198048552534003
2038,0.7264090680338259
